{"name":"59ad73bc-9536-48e7-a2aa-278a18ff4ba3","id":"/providers/Microsoft.Flow/flows/59ad73bc-9536-48e7-a2aa-278a18ff4ba3","type":"Microsoft.Flow/flows","properties":{"apiId":"/providers/Microsoft.PowerApps/apis/shared_logicflows","displayName":"SharePoint List Migration","definition":{"metadata":{"workflowEntityId":null,"processAdvisorMetadata":null,"flowclientsuspensionreason":"None","flowclientsuspensiontime":null,"creator":{"id":"9c8f62b8-d6d8-4b77-b2df-16995d4060f4","type":"User","tenantId":"99df3218-643e-43d6-9394-bb6d93ca4e3e"},"provisioningMethod":"FromDefinition","failureAlertSubscription":true,"clientLastModifiedTime":"2021-05-16T09:54:03.9582985Z","flowclientsuspensionreasondetails":null},"$schema":"https://schema.management.azure.com/providers/Microsoft.Logic/schemas/2016-06-01/workflowdefinition.json#","contentVersion":"1.0.0.0","parameters":{"$connections":{"defaultValue":{},"type":"Object"},"$authentication":{"defaultValue":{},"type":"SecureObject"}},"triggers":{"manual":{"type":"Request","kind":"Button","inputs":{"schema":{"type":"object","properties":{},"required":[]}}}},"actions":{"Get_items":{"runAfter":{},"type":"OpenApiConnection","inputs":{"host":{"apiId":"/providers/Microsoft.PowerApps/apis/shared_sharepointonline","connectionName":"shared_sharepointonline","operationId":"GetItems"},"parameters":{"dataset":"https://mcreischool.sharepoint.com/sites/MacTest","table":"255e470f-1ada-489f-a8b1-3bc5b1c699dc"},"authentication":{"value":"@json(decodeBase64(triggerOutputs().headers['X-MS-APIM-Tokens']))['$ConnectionKey']","type":"Raw"}}},"Apply_to_each":{"foreach":"@outputs('Get_items')?['body/value']","actions":{"Create_item":{"runAfter":{},"type":"OpenApiConnection","inputs":{"host":{"apiId":"/providers/Microsoft.PowerApps/apis/shared_sharepointonline","connectionName":"shared_sharepointonline","operationId":"PostItem"},"parameters":{"dataset":"https://mcreischool.sharepoint.com/sites/MacTest","table":"93740bea-7b93-4c0b-9d78-94a0fa3f5afa","item/Title":"@items('Apply_to_each')?['Title']","item/Subject":"@items('Apply_to_each')?['Subject']","item/Description":"@items('Apply_to_each')?['Description']","item/Priority/Value":"@items('Apply_to_each')?['Priority/Value']","item/Category/Value":"@items('Apply_to_each')?['Category/Value']","item/TicketStatus/Value":"@items('Apply_to_each')?['TicketStatus/Value']","item/ResolutionComment":"@items('Apply_to_each')?['ResolutionComment']","item/TicketNotes":"@items('Apply_to_each')?['TicketNotes']","item/Company/Value":"@items('Apply_to_each')?['Company/Value']"},"authentication":{"value":"@json(decodeBase64(triggerOutputs().headers['X-MS-APIM-Tokens']))['$ConnectionKey']","type":"Raw"}}}},"runAfter":{"Get_items":["Succeeded"]},"type":"Foreach"}},"outputs":{},"description":""},"connectionReferences":{"shared_sharepointonline":{"connectionName":"55fb10c070f949a4910f3a3d9110d7df","source":"Invoker","id":"/providers/Microsoft.PowerApps/apis/shared_sharepointonline","tier":"NotSpecified","apiName":"sharepointonline"}},"flowFailureAlertSubscribed":false,"isManaged":false}}